{
  "roc_auc": 0.9815083532219571,
  "pr_auc": 0.2530866531624967,
  "threshold": 0.29198539863375556,
  "precision": 0.2926829268292683,
  "recall": 0.24,
  "f1": 0.2637362637362637,
  "tp": 12,
  "fp": 29,
  "fn": 38,
  "tn": 14636
}